questions,links,notes,tags,semanticsearch,client,id,diagram
ועדות עירייה ודירקטוריון 2024,https://www.ganeytikva.org.il./ועדות-עירייה-ודירקטוריון-2024/,,"ועדות עירייה,דירקטוריון",,,,
(Ganne Tikva) Welcome to GANEY TIKVA,https://www.ganeytikva.org.il./english/,,,,,,
One pager עיריית גני תקווה,https://www.ganeytikva.org.il./one-pager-עיריית-גני-תקווה/,,,,,,
מקום בעיר - מתחמי פעילות להשכרה,https://www.ganeytikva.org.il./מקום-בעיר-מתחמי-פעילות-להשכרה/,,"השכרת מתחימים, מתחמי פעילויות",,,,
מקפיצים אתכם לרכבת הקלה | קו 75,https://www.ganeytikva.org.il./ממשיכים-לנוע-קדימה-שאטל-ganey-tikbus-הופך-לקבוע/,,"הסעות,רכבת קלה,הסעות לרכבת ",,,,
חוברת היערכות לחירום לתושבי גני תקווה,https://www.ganeytikva.org.il./חוברת-היערכות-לחירום-לתושבי-גני-תקווה/,,"חירום,חוברת הערכות,הערכות לחירום",,,,
מזל טוב על התוספת החדשה במשפחה | קופון מתנה,https://www.ganeytikva.org.il./מזל-טוב-על-התוספת-החדשה-במשפחה-קופון-מתנה/,,"נולד לי ילד,ילודה",,,,
קבלת קהל,https://www.ganeytikva.org.il./קבלת-קהל-בעירייה/,,קבלת קהל,,,,
שירותים עירוניים,https://www.ganeytikva.org.il./שירותים-עירוניים/,,שירותים לעירוניים,,,,
מים וביוב - תאגיד מי תקווה,https://www.mei-tikva.co.il/,,"ביוב,תאגיד מים,חשבון מים ",,,,
פינוי אשפה וגרוטאות,https://www.ganeytikva.org.il./166/,,"פינוי,אשפה,גורטאות,פינוי אשפה,לפנות,מפנים,פסולת,זבל,גזם,ביתית,ענפים,פיקוח,פיקוח עירוני,יום הוצאה,יום פינוי,מחזור,מדרכה,קנס",,,,
ארנונה,https://www.ganeytikva.org.il./171/,,"ארנונה,ארנונה לתושב,צו ארנונה",,,,
פיקוח עירוני וחניה,https://www.ganeytikva.org.il./246/,,"חניה,חנייה,פיקוח חנייה,פיקוע עירוני,פיקוח ",,,,
עמדות טעינה לרכב חשמלי,https://www.ganeytikva.org.il/1019/.,,"רכב חשמלי,עמדות טעינה,הטענת רכב ",,,,
שירות וטרינרי,https://www.ganeytikva.org.il/1118/.,,"וטרינר,בעלי חיים,שירות וטרינרי",,,,
"מרכז הספורט ""לידר""",https://www.leadersport.co.il/,,"מכרז ספורט וחוגים,לידר חוגים",,,,
קאנטרי גלים,https://www.countrygalim.co.il/,,"קאנטרי עירוני, בריכה,קאנטרי גלים",,,,
הספרייה הציבורית,https://ganeytikva.library.org.il/,,"סיפרייה,ספרייה עירונית",,,,
היכל התרבות מרכז הבמה,https://www.habama-center.com/,,"תרבות,היכל תרבות,מופעי תרבות",,,,
חנות בגדים קהילתית,https://www.ganeytikva.org.il./חנות-בגדים-קהילתית/,,"חנת בגדים,חנות קהילתית",,,,
פלאים - המרכז לגיל הרך,https://www.plaim.co.il/,,"מרכז גיל הרך,מרכז לילדים קטנים",,,,
רישום לגני הילדים ובתי ספר,https://edu.onecity.co.il/edu-registration-site/intro?customerId=502200,,"רישום לגנים,רישום בתי ספר,תשלום לגנים,תשלום לחינוך",,,,
צהרונים,https://www.mygt.org.il/category/%d7%a2%d7%95%d7%93-%d7%91%d7%90%d7%aa%d7%a8/%d7%9b%d7%9c-%d7%aa%d7%95%d7%9b%d7%a0%d7%99%d7%95%d7%aa-%d7%90%d7%97%d7%a8%d7%99-%d7%91%d7%99%d7%aa-%d7%94%d7%a1%d7%a4%d7%a8-%d7%95%d7%94%d7%92%d7%a0%d7%99%d7%9d/,,"צהרון,צהרונים,פעילות צהרונים",,,,
אישור לטאבו,https://www.ganeytikva.org.il./346/,,"טאבו,מסמך,אישור,אישורים,מסמכים,בקשה,בקשות,עסקה,עסקאות,חוב,חובות,העדר,בעל הנכס,רשם מקרקעין,הגשה,להגיש,זמן טיפול,קבלת קהל",,,,
הבית הירוק מרכז טיפולי רב תחומי למשפחה,https://www.ganeytikva.org.il/%D7%94%D7%91%D7%99%D7%AA-%D7%94%D7%99%D7%A8%D7%95%D7%A7-%D7%92%D7%A0%D7%99-%D7%AA%D7%A7%D7%95%D7%95%D7%94-%D7%9C%D7%90-%D7%9C%D7%92%D7%A2%D7%AA-%D7%91%D7%93%D7%A3-%D7%94%D7%95%D7%90-%D7%91%D7%91%D7%A0%D7%99%D7%94/,,מרכז טיפולי למשפחה ,,,,
מועצה דתית - גני תקווה,https://www.ganeytikva.org.il./מועצה-דתית-גני-תקווה/,,"דתית,מועצה דתית,רבנות,נישואים",,,,
מרחבים להשכרה,https://www.ganeytikva.org.il./498/,,"השכרת מבנים,השכרת חלל",,,,
כניסה למרחב האישי,https://www.ganeytikva.org.il./toshav-center/,,"איזור אישי ,איזור לתושב,מרכז לתושב,מידע לתושב",,,,
העיר שלנו,https://www.ganeytikva.org.il./העיר-שלנו/,,,,,,
אודות גני תקווה,https://www.ganeytikva.org.il./אודות-גני-תקווה/,,,,,,
דבר ראש העיר,https://www.ganeytikva.org.il./דבר-ראש-העיר/,,,,,,
תכנית המתאר הכוללנית של גני תקווה,https://www.ganeytikva.org.il./292/,,,,,,
תחבורה ציבורית,https://www.ganeytikva.org.il/348/.,,,,,,
בטיחות ומוגנות קהילתית,https://www.ganeytikva.org.il./בטיחות-ומוגנות-קהילתית/,,,,,,
תושב חדש,https://www.ganeytikva.org.il./תושב-חדש/,,,,,,
פארקים ושכונות בגני תקווה,https://www.ganeytikva.org.il./פארקים-ושכונות-בגני-תקווה/,,"פארק,גנים,גן,גן ציבורי,גינות ציבוריות,קבוצת ווצאפ,מונגש",,,,
"""עיר בריאה""",https://www.ganeytikva.org.il/1108/.,,,,,,
העצים של גני תקווה,https://www.ganeytikva.org.il/1079/.,,"עצים,עצי פרי,עצי צל",,,,
מועצת העיר,https://www.ganeytikva.org.il./מועצת-העיר/,,,,,,
חברות וחברי מועצת העיר,https://www.ganeytikva.org.il./חברות-וחברי-מועצת-העיר/,,,,,,
ועדות העירייה,https://www.ganeytikva.org.il./ועדות-העירייה/,,,,,,
פרוטוקולים ישיבות מליאה,https://www.ganeytikva.org.il/protocols/?year=0&category=5&order=date-desc,,,,,,
לזכרם ולזכרן,https://www.ganeytikva.org.il/yizcor/,,,,,,
אדריכלות הזיכרון,https://www.ganeytikva.org.il./אדריכלות-הזיכרון/,,,,,,
גלריית הפיסול האורבני של גני תקווה,https://www.ganeytikva.org.il./290-1574678029-גלריית-הפיסול-של-גני-תקווה/,,,,,,
עיר תאומה - בירגיש גלאדבאך,https://www.ganeytikva.org.il./עיר-תאומה-בירגיש-גלאדבאך/,,,,,,
קטעי עיתונות,https://www.ganeytikva.org.il./קטעי-עיתונות/,,,,,,
שקיפות וחופש המידע,https://www.ganeytikva.org.il./שקיפות-וחופש-המידע/,,,,,,
תכנית עבודה ותקציב שנתי,https://www.ganeytikva.org.il./תכנית-עבודה-ותקציב-שנתי/,,,,,,
תכנית עבודה 2023,https://www.ganeytikva.org.il./תכנית-עבודה-2023/,,,,,,
ארכיון תכניות עבודה ותקציב שנים קודמות,https://www.ganeytikva.org.il./ארכיון-תכניות-עבודה-ותקציב-שנים-קודמות/,,,,,,
קוד אתי - גני תקווה,https://www.ganeytikva.org.il./קוד-אתי-גני-תקווה/,,,,,,
חוק חופש המידע,https://www.ganeytikva.org.il./0-1565688461-חוק-חופש-המידע/,,,,,,
מבקרת העירייה וממונה על תלונות הציבור,https://www.ganeytikva.org.il./652/,,,,,,
מוקד פניות 106,https://www.ganeytikva.org.il./226/,,,,,,
ספר טלפונים,https://www.ganeytikva.org.il./phonebook/,,,,,,
תאגידים עירוניים,https://www.ganeytikva.org.il./תאגידים-עירוניים/,,,,,,
פרוטוקולים,https://www.ganeytikva.org.il/protocols/?year=0&category=5&order=date-desc,,,,,,
מכרזים והתקשרויות,https://www.ganeytikva.org.il./bids/,,,,,,
ארכיון תכניות עבודה ותקציב שנים קודמות,https://www.ganeytikva.org.il./ארכיון-תכניות-עבודה-ותקציב-שנים-קודמות-שקיפות/,,,,,,
דוחות כספיים,https://www.ganeytikva.org.il./דוחות-כספיים/,,,,,,
מקבלי השכר הגבוה,https://www.ganeytikva.org.il./מקבלי-שכר-הגבוה/,,,,,,
דוחות איכות מי השתייה,https://www.mei-tikva.co.il/?CategoryID=274&SearchParam=,,,,,,
מדידות קרינה במוסדות ציבור,https://www.ganeytikva.org.il./מדידות-קרינה-במוסדות-ציבור/,,,,,,
רשימת מאגרי מידע,https://www.ganeytikva.org.il./רשימת-מאגרי-מידע/,,,,,,
מבנה ארגוני,https://www.ganeytikva.org.il./מבנה-ארגוני/,,,,,,
קהילות,https://www.ganeytikva.org.il./קהילות/,,,,,,
קהילה מלידה,https://www.coing.co/Gantik_Taf,,,,,,
בני נוער,https://www.coing.co/Ganei_Tikva_YC,,,,,,
נשים,https://www.ganeytikva.org.il/781/.,,,,,,
אזרחים ותיקים,https://www.coing.co/Gantik_Vatikim,,,,,,
מתנדבים,https://www.coing.co/Gantik_Volunteers,,"התנדבות,רוצה להתנדבֿ,מרכז המתנדבים",,,,
"קהילת צמי""ד",https://www.ganeytikva.org.il./קהילת-צמי-ד/,,,,,,
החברה לפיתוח גני תקווה,https://www.mygt.org.il/,,"חברה כלכלית,חברה לפיתוח ",,,,
מי תקווה,https://www.mei-tikva.co.il/,,"תאגיד מים,תשלום חשבון מים",,,,
ספרייה ציבורית,https://www.ganeytikva.org.il./201/,,,,,,
עמותת אמנות ותרבות בגני תקווה,https://habama.smarticket.co.il/,,,,,,
קצת עלינו,https://www.ganeytikva.org.il./קצת-עלינו/,,,,,,
עושים טוב בגני תקווה | מגשימים את משאלתה האחרונה של לבנת,https://www.ganeytikva.org.il./עושים-טוב-בגני-תקווה-מגשימים-את-משאלתה-האחרונה-של-לבנת/,,,,,,
"הודעת מפקד משמרת בכבאות והצלה | הסבר שימוש בקרש לנעילת הממ""ד",https://www.ganeytikva.org.il./הודעת-מפקד-משמרת-בכבאות-והצלה-הסבר-שימוש-בקרש-לנעילת-הממ-ד/,,,,,,
חלוקת חוברות הגשה,https://www.ganeytikva.org.il./חלוקת-חוברות-הגשה/,,,,,,
היערכות לקיץ,https://www.ganeytikva.org.il./0-1684914265-/,,,,,,
פתרונות למשחקים 70,https://www.ganeytikva.org.il./פתרונות-למשחקים-70/,,,,,,
כללי,https://www.ganeytikva.org.il./0-1702313162-/,,,,,,
מכרזי המועצה הדתית,https://www.ganeytikva.org.il./מכרזי-המועצה-הדתית/,,,,,,
תכנית יזמות חברתית,https://bit.ly/3B0Vmur,,ייזמות חברתית,,,,
משהו חדש מתחיל עכשיו מנהל.ות גן,https://www.ganeytikva.org.il./משהו-חדש-מתחיל-עכשיו-מנהלות-גן/,,,,,,
שירותים בקליק מנהל.ות גן,https://www.ganeytikva.org.il./שירותים-בקליק-מנהלות-גן/,,,,,,
"מהשפ""ח באהבה מנהל.ות גן",https://www.ganeytikva.org.il./מהשפ-ח-באהבה-מנהלות-גן/,,,,,,
"לוח זמנים בעבודה עם השפ""ח",https://www.ganeytikva.org.il./לוח-זמנים-בעבודה-עם-השפ-ח/,,,,,,
הגורמים השונים אשר מלווים אתכן ואותך בגני הילדות והילדים,https://www.ganeytikva.org.il./0-1661868354-/,,,,,,
גמילה מחיתולים בגן,https://www.ganeytikva.org.il./גמילה-מחיתולים-בגן/,,,,,,
הכניסה לגן,https://www.ganeytikva.org.il./הכניסה-לגן/,,,,,,
"עקרונות לעבודת השפ""ח בגן",https://www.ganeytikva.org.il./עקרונות-לעבודת-השפ-ח-בגן/,,,,,,
"היחידה לביקור סדיר (קבסי""ם)",https://www.ganeytikva.org.il./היחידה-לביקור-סדיר-קבסי-ם/,,,,,,
לקראת ועדות מנהל.ות גן,https://www.ganeytikva.org.il./לקראת-ועדות-מנהלות-גן/,,,,,,
מהייעוץ החינוכי אלייך מנהל.ות גן,https://www.ganeytikva.org.il./מהייעוץ-החינוכי-אלייך-מנהלות-גן/,,,,,,
מודל לדיאלוג צוות - הורים,https://www.ganeytikva.org.il./מודל-לדיאלוג-צוות-הורים/,,,,,,
חובת דיווח,https://www.ganeytikva.org.il./חובת-דיווח/,,,,,,
בעקבות מודל ללב,https://www.ganeytikva.org.il./בעקבות-מודל-ללב/,,,,,,
מורה נבוכים מנהל.ות גן,https://www.ganeytikva.org.il./מורה-נבוכים-מנהלות-גן/,,,,,,
גאנט  2022-2023,https://www.ganeytikva.org.il./גאנט-2022-2023/,,,,,,
נהלי בטיחות וביטחון מנהל.ות גן,https://www.ganeytikva.org.il./נהלי-בטיחות-וביטחון-מנהל-ות-גן/,,,,,,
לקראת שנת הלימודים,https://www.ganeytikva.org.il./לקראת-שנת-הלימודים/,,,,,,
הנחיות כלליות לניהול גן תקין,https://www.ganeytikva.org.il./הנחיות-כלליות-לניהול-גן-תקין/,,,,,,
"תומכת הלמידה בגן הילדות והילדים תשפ""ג",https://www.ganeytikva.org.il./תומכת-הלמידה-בגן-הילדות-והילדים-תשפ-ג/,,,,,,
"חוברת נהלים, ביטחון בטיחות ושע""ח גני הילדות והילדים תשפ""ג",https://www.ganeytikva.org.il./חוברת-נהלים-ביטחון-בטיחות-ושע-ח-גני-הילדים-תשפ-ג-גני-תקווה/,,,,,,
הנחיות פתיחת קריאה מוקד 106 גני הילדות והילדים,https://www.ganeytikva.org.il./נהלי-מוקד/,,,,,,
סדר פעולות בחירום בגני הילדות והילדים,https://www.ganeytikva.org.il./סדר-פעולות-בחירום-בגני-הילדות-והילדים/,,,,,,
כתבות,https://www.ganeytikva.org.il/articles/,,,,,,
אגפי העירייה,https://www.ganeytikva.org.il./אגפי-העירייה/,,,,,,
לשכת ראש העיר,https://www.ganeytikva.org.il./לשכת-ראש-העיר/,,"ראשת העיר,ראש העיר,לשכת ראש העיר ",,,,
"לשכת מנכ""ל",https://www.ganeytikva.org.il./לשכת-מנכל/,,,,,,
תרבות ואירועים,https://www.ganeytikva.org.il/285/.,,,,,,
מוקד 106,https://www.ganeytikva.org.il./מוקד-106/,,"מוקד עירוני,מוקד תושבים,106",,,,
ועדת תרומות והנצחה באמצעות תרומה,https://www.ganeytikva.org.il./ועדת-תרומות-והנצחה-באמצעות-תרומה/,,,,,,
אגף החינוך והנוער,https://www.ganeytikva.org.il./אגף-החינוך-והנוער/,,,,,,
גיל הרך לידה עד שלוש,https://www.ganeytikva.org.il./גיל-הרך-לידה-עד-3/,,,,,,
הגנים הפרטיים ומעונות היום,https://www.ganeytikva.org.il./רשימת-מעונות-יום-וגנים-פרטיים/,,,,,,
קהילה מלידה,https://www.coing.co/Gantik_Taf,,,,,,
חינוך קדם יסודי גני הילדים שלוש עד שש,https://www.ganeytikva.org.il./חינוך-קדם-יסודי-גני-הילדים-שלוש-עד-שש/,,,,,,
"הליך השיבוץ לגני הילדות והילדים לשנת תשפ""ה",https://www.ganeytikva.org.il./הליך-השיבוץ-לגני-הילדות-והילדים-לשנת-תשפה/,,"שיבוץ לגנים,שיבוץ גני ילדים",,,,
נעים להכיר גני הילדות והילדים גני תקווה,https://www.ganeytikva.org.il./נעים-להכיר-גני-הילדים-גני-תקווה/,,,,,,
אזורי הרישום,https://www.ganeytikva.org.il/848/.,,"רישום גני ילדים,רישום לגנים",,,,
רישום לגני הילדות והילדים,https://www.ganeytikva.org.il./רישום-לגני-הילדות-והילדים/,,,,,,
תבחיני השיבוץ לגני הילדות והילדים,https://www.ganeytikva.org.il./תבחיני-השיבוץ-לגני-הילדים/,,,,,,
הליך הרישום לגני הילדות והילדים,https://www.ganeytikva.org.il./הליך-הרישום-לגני-ילדים/,,"שאלות על גני ילדים,מידע גני ילדים,הליך רישום לגן",,,,
שאלות ותשובות - גני הילדות והילדים,https://www.ganeytikva.org.il./שאלות-ותשובות-גני-הילדים/,,"שאלות על גני ילדים,מידע גני ילדים ",,,,
צהרוני גני הילדות והילדים,https://www.mygt.org.il/category/%d7%a2%d7%95%d7%93-%d7%91%d7%90%d7%aa%d7%a8/%d7%9b%d7%9c-%d7%aa%d7%95%d7%9b%d7%a0%d7%99%d7%95%d7%aa-%d7%90%d7%97%d7%a8%d7%99-%d7%91%d7%99%d7%aa-%d7%94%d7%a1%d7%a4%d7%a8-%d7%95%d7%94%d7%92%d7%a0%d7%99%d7%9d/%d7%a6%d7%94%d7%a8%d7%95%d7%a0%d7%99-%d7%97%d7%9e%d7%a0%d7%99%d7%95%d7%aa-%d7%91%d7%92%d7%a0%d7%99-%d7%94%d7%99%d7%9c%d7%93%d7%99%d7%9d/,,,,,,
מערך התמיכה של גני הילדות והילדים,https://www.ganeytikva.org.il./מערך-התמיכה-של-גני-הילדים/,,,,,,
יצירת קשר עם המחלקה לחינוך קדם יסודי,https://www.ganeytikva.org.il./יצירת-קשר-עם-המחלקה-לחינוך-קדם-יסודי/,,,,,,
ברוח החינוך המונטסורי,https://www.ganeytikva.org.il./ברוח-החינוך-המונטסורי/,,,,,,
גני הילדות והילדים ברוח החינוך המונטסורי ביישוב,https://www.ganeytikva.org.il./גני-הילדות-והילדים-ברוח-החינוך-המונטסורי-ביישוב/,,,,,,
תקנון ההגרלה לגנים ברוח החינוך המונטסורי,https://www.ganeytikva.org.il./תקנון-ההגרלה-לגנים-ברוח-החינוך-המונטסורי/,,"גן מונטוסורי,גנים מונטוסורים",,,,
רישום ושיבוץ לילדים וילדות ממשיכים בגנים ברוח החינוך המונטסורי,https://www.ganeytikva.org.il./תהליך-הרישום-והשיבוץ-לשנת-תשפ-ד-ללומדים-בשנת-תשפ-ג-בגני-הילדות-והילדים-ברוח-המונטסורי/,,,,,,
"הליך הרישום והשיבוץ, לילדים וילדות חדשים.ות בגנים ברוח החינוך המונטסורי",https://www.ganeytikva.org.il./הליך-הרישום-והשיבוץ-לשנת-תשפ-ד-לילדים-וילדות-חדשים-ות-בגנים-ברוח-החינוך-המונטסורי/,,,,,,
הימים הראשונים בגן,https://www.ganeytikva.org.il./הימים-הראשונים-בגן/,,,,,,
מערך העשרה בגני הילדות והגני ילדים,https://www.ganeytikva.org.il./מערך-העשרה-בגני-הילדות-והגני-ילדים/,,,,,,
תשלומי הורים בגני הילדות והילדים,https://www.ganeytikva.org.il./תשלומי-הורים-בגני-הילדות-והילדים/,,,,,,
ילדים וילדות עם צרכים מיוחדים,https://www.ganeytikva.org.il./ילדים-וילדות-עם-צרכים-מיוחדים/,,"צרכים מיוחדים,נגישות",,,,
בתי הספר,https://www.ganeytikva.org.il./בתי-הספר/,,,,,,
חווה חקלאית,https://www.ganeytikva.org.il./0-1704723501-חווה-חקלאית/,,,,,,
"שלהבות חב""ד",https://www.ganeytikva.org.il./שלהבות-חב-ד/,,,,,,
חטיבת הראשונים,https://www.ganeytikva.org.il./חטיבת-ראשונים/,,,,,,
תיכון מיתר,https://www.ganeytikva.org.il./תיכון-מיתר/,,,,,,
תלמוד תורה,https://www.ganeytikva.org.il./תלמוד-תורה/,,,,,,
בית יעקב,https://www.ganeytikva.org.il./בית-יעקב/,,,,,,
"שיבוצים לכיתות א' תשפ""ד",https://www.ganeytikva.org.il./שיבוצים-לכיתות-א-תשפ-ב/,,,,,,
רישום לבתי ספר,https://www.ganeytikva.org.il./רישום-לבתי-ספר/,,,,,,
חוברת רישום,https://www.ganeytikva.org.il./0-1640157822-/,,,,,,
צור קשר עם בתי הספר ביישוב,https://www.ganeytikva.org.il./צור-קשר-עם-בתי-הספר-ביישוב/,,,,,,
שאלות ותשובות  רישום לבתי ספר,https://www.ganeytikva.org.il./שאלות-ותשובות-בתי-ספר/,,,,,,
רישום תושב חדש למערכת החינוך היישובית,https://www.ganeytikva.org.il./רישום-תושב-חדש-למערכת-החינוך-היישובית/,,"תושב חדש,תושבת חדשה,תושבים חדשים,תושב חדש רישום,חינוך תושבים חדשים",,,,
חינוך מיוחד והטיפול בפרט,https://www.ganeytikva.org.il./טיפול-בפרט/,,,,,,
"חוברת המחלקה לטיפול בפרט והחינוך המיוחד תשפ""ד",https://www.ganeytikva.org.il./חוברת-המחלקה-לטיפול-בפרט-והחינוך-המיוחד-תשפ-ד/,,,,,,
שאלות תשובות מחלקת פרט,https://www.ganeytikva.org.il./שאלות-תשובות-מחלקת-פרט/,,,,,,
מטרות ​המחלקה לטיפול בפרט,https://www.ganeytikva.org.il./מטרות-המחלקה-לטיפול-בפרט/,,,,,,
"מסגרות חינוך מיוחד (מעודכן לשנת הלימודים תשפ""ד 2023-2024):",https://www.ganeytikva.org.il./מסגרות-חינוך-מיוחד-מעודכן-לשנת-הלימודים-תשפ-ב-2021-2022/,,,,,,
"קידום נוער-היל""ה ותכנית 'עוגן שלי'",https://www.ganeytikva.org.il./קידום-הנוער/,,,,,,
שירותי המחלקה,https://www.ganeytikva.org.il./שירותי-המחלקה/,,,,,,
גיל ההתבגרות,https://www.ganeytikva.org.il./גיל-ההתבגרות/,,,,,,
"בית ספר היל""ה",https://www.ganeytikva.org.il./בית-ספר-היל-ה/,,,,,,
תכנית 'עוגן שלי',https://www.ganeytikva.org.il./תכנית-עוגן-שלי/,,,,,,
בעלי תפקי​דים,https://www.ganeytikva.org.il./בעלי-תפקי-דים/,,,,,,
שעות פעילות וכתובתינו,https://www.ganeytikva.org.il./שעות-פעילות-וכתובתינו/,,,,,,
איך פונים אלינו?,https://www.ganeytikva.org.il./איך-פונים-אלינו/,,,,,,
"ביקור סדיר - קב""ס",https://www.ganeytikva.org.il./ביקור-סדיר-קב-ס/,,,,,,
"השירות הפסיכולוגי החינוכי - שפ""ח",https://www.ganeytikva.org.il./השירות-הפסיכולוגי/,,,,,,
טיפים להתחלה רגועה ונעימה בגני הילדים,https://www.ganeytikva.org.il./שנת-הלימודים-תשפ-ב-כבר-כאן-הנה-כמה-טיפים-מהשירות-הפסיכולוגי-כדי-שתהיה-התחלה-רגועה-ונעימה-בגני-הילדים/,,,,,,
שרות פסיכולוגי משלים,https://www.ganeytikva.org.il/smartforms/340/,,,,,,
צוות השירות הפסיכולוגי,https://www.ganeytikva.org.il./צוות-השירות-הפסיכולוגי/,,,,,,
נוער,https://www.ganeytikva.org.il./מחלקת-נוער-וצעירים/,,,,,,
מסגרות מעורבות חברתית לנוער,https://www.ganeytikva.org.il./מסגרות-מעורבות-חברתית-לנוער/,,,,,,
התנסויות נוער עם אזרחים ותיקים,https://www.ganeytikva.org.il./duplicated-1686554398/,,,,,,
"התנסויות נוער תנועות, ארגוני נוער ותוכניות מנהיגות",https://www.ganeytikva.org.il./התנסויות-נוער-תנועות-ארגוני-נוער-ותוכניות-מנהיגות/,,,,,,
התנסויות נוער רפואה ובריאות,https://www.ganeytikva.org.il./התנסויות-נוער-רפואה-ובריאות/,,,,,,
התנסויות נוער צרכים מיוחדים,https://www.ganeytikva.org.il./duplicated-1687073904/,,,,,,
התנסויות נוער בספורט,https://www.ganeytikva.org.il./התנסויות נוער בספורט מסגרות התנדבות/,,,,,,
התנסויות נוער אמנות ותרבות,https://www.ganeytikva.org.il./התנסויות-נוער-אמנות-ותרבות/,,,,,,
התנסויות נוער שאלות ותשובות,https://www.ganeytikva.org.il./התנסויות-נוער-שאלות-ותשובות/,,,,,,
התנסויות נוער בקהילה,https://www.ganeytikva.org.il./התנסויות-נוער-בקהילה/,,,,,,
התנסויות נוער בבית הספר,https://www.ganeytikva.org.il./duplicated-1688461817/,,,,,,
התנסויות נוער מהנייד,https://www.ganeytikva.org.il./duplicated-1688462589/,,,,,,
התנסויות נוער עם בעלי חיים,https://www.ganeytikva.org.il./duplicated-1688462994/,,,,,,
התנסויות נוער חונכות,https://www.ganeytikva.org.il./duplicated-1688463466/,,,,,,
מלגות לימודים,https://www.ganeytikva.org.il./0-1596704936-מלגות-לימודים/,,,,,,
מאגר מלגות לימודים,https://www.ganeytikva.org.il./מאגר-מלגות-לימודים/,,,,,,
מלגות לימודים בעירייה,https://www.ganeytikva.org.il./0-1596704902-מלגות-לימודים/,,"מלגות לתושבים,מלגות,מילגות",,,,
פעילויות ואירועים לנוער וצעירים,https://www.ganeytikva.org.il/events/?category=5,,,,,,
עובדי המחלקה,https://www.ganeytikva.org.il./0-1563096787-יצירת-קשר/,,,,,,
מועדון הנוער- התקווה 7,https://www.ganeytikva.org.il./בית-הנוער/,,,,,,
מנהיגות בנוער,https://www.ganeytikva.org.il./מועצת-הנוער/,,,,,,
מרכז המוזיקה- The Basement,https://www.ganeytikva.org.il./מרכז-המוזיקה/,,,,,,
הרכבי מוסיקה,https://www.ganeytikva.org.il./0-1563093809-אודות/,,,,,,
אולפן הקלטות,https://www.ganeytikva.org.il./יצירת-קשר/,,,,,,
מרכז הכנה לשירות משמעותי,https://www.ganeytikva.org.il./אסקייפ-רום/,,,,,,
תהליך הרשמה למכינות ושנות שירות,https://www.ganeytikva.org.il./תהליך-הרשמה-למכינות-ושנות-שירות/,,,,,,
תנועות וארגוני הנוער,https://www.ganeytikva.org.il./תנועות-נוער/,,,,,,
צופים,https://www.ganeytikva.org.il./צופים/,,,,,,
הנוער העובד והלומד,https://www.ganeytikva.org.il./הנוער-העובד-והלומד/,,,,,,
בני עקיבא,https://www.ganeytikva.org.il./בני-עקיבא/,,,,,,
עזרא,https://www.ganeytikva.org.il./עזרא/,,,,,,
איגי,https://www.ganeytikva.org.il./איגי/,,,,,,
חוגי סיור של החברה להגנת הטבע,https://www.ganeytikva.org.il./0-1577363240-איגי/,,,,,,
ביטוח תאונות אישיות לתלמידים,https://eur01.safelinks.protection.outlook.com/?url=https%3A%2F%2Finsuranceagency.mashcal.co.il%2Fauthorities%2Fganeytikva%2F&data=05%7C02%7Croteme%40gantik.org.il%7C41adf9afe9424947577608dc1a556b52%7Cdfb7afcd7187458ba8d626dda8e44e31%7C0%7C0%7C638414201374161999%7CUnknown%7CTWFpbGZsb3d8eyJWIjoiMC4wLjAwMDAiLCJQIjoiV2luMzIiLCJBTiI6Ik1haWwiLCJXVCI6Mn0%3D%7C3000%7C%7C%7C&sdata=iEoCO9MYlwIxS4F8nITlA%2BY28o1%2FB1lZt64ABH8NF8c%3D&reserved=0,,"ביטוח לתלמידים,ביטוח תלמיד",,,,
מחלקת הרווחה והשירותים החברתיים,https://www.ganeytikva.org.il./אגף-רווחה-והשירותים-החברתיים/,,,,,,
גישור בקהילה,https://www.ganeytikva.org.il./0-1713104816-גישור-בקהילה/,,,,,,
אזרחים ותיקים,https://www.ganeytikva.org.il./אזרחים-ותיקים/,,"הטבות אזרח ותיק,אזרחים ותיקים",,,,
קהילה תומכת,https://www.ganeytikva.org.il./קהילה-תומכת/,,,,,,
מועדון חברתי,https://www.ganeytikva.org.il./מועדון-חברתי/,,,,,,
מרכז יום אופק,https://www.ganeytikva.org.il./מרכז-יום-אופק/,,,,,,
כיתות אזרחים ותיקים,https://www.ganeytikva.org.il./כיתות-אזרחים-ותיקים/,,העשרה אזרחים ותיקים,,,,
בני משפחה המטפלים באזרח הותיק,https://www.ganeytikva.org.il./בני-משפחה-המטפלים-באזרח-הותיק/,,,,,,
ספרייה בשפה הרוסית,https://www.ganeytikva.org.il./ספרייה-בשפה-הרוסית/,,,,,,
תרבות ופנאי לאזרחים ותיקים,https://www.coing.co/Gantik_Vatikim,,,,,,
תכנית תרבותית חברתית לשורדי שואה,https://www.ganeytikva.org.il/news/399/,,,,,,
מרכז פנאי פלוס לאזרחים וותיקים,https://www.ganeytikva.org.il./מרכז-פנאי-פלוס-לאזרחים-וותיקים/,,,,,,
בעלי תפקידים באגף הרווחה והשירותים החברתיים,https://www.ganeytikva.org.il./בעלי-תפקידים-באגף-הרווחה-והשירותים-החברתיים/,,,,,,
מנהל מוגבלויות,https://www.ganeytikva.org.il./מנהל-מוגבלויות/,,,,,,
עיכוב התפתחותי מאובחן בילדות,https://www.ganeytikva.org.il./עיכוב-התפתחותי-מאובחן-בילדות/,,,,,,
אוטיזם,https://www.ganeytikva.org.il./אוטיזם/,,,,,,
מוגבלות שכלית התפתחותית,https://www.ganeytikva.org.il./מוגבלות-שכלית-התפתחותית/,,,,,,
שיקום,https://www.ganeytikva.org.il./שיקום/,,,,,,
התמכרויות,https://www.ganeytikva.org.il./התמכרויות/,,,,,,
משפחה וילד בקהילה,https://www.ganeytikva.org.il./משפחה-וילד-בקהילה/,,,,,,
ליווי למשפחות בעתות משבר,https://www.ganeytikva.org.il./ליווי-למשפחות-בעתות-משבר/,,,,,,
ליווי למשפחות,https://www.ganeytikva.org.il./ליווי-למשפחות/,,,,,,
הגנה על קטינים בסיכון,https://www.ganeytikva.org.il./הגנה-על-קטינים-בסיכון/,,,,,,
סדרי דין,https://www.ganeytikva.org.il./סדרי-דין/,,,,,,
מרכז חוסן למשפחה,https://www.ganeytikva.org.il./מרכז-חוסן-למשפחה/,,,,,,
התחנה לטיפול זוגי ומשפחתי,https://www.ganeytikva.org.il./התחנה-לטיפול-זוגי-ומשפחתי/,,,,,,
מועדוניות,https://www.ganeytikva.org.il./מועדוניות/,,,,,,
היחידה לשלום המשפחה,https://www.ganeytikva.org.il./0-1703492867-היחידה-לשלום-המשפחה/,,,,,,
בית ירוק בקהילה,https://www.ganeytikva.org.il./בית-ירוק-בקהילה/,,,,,,
חוסן לקהילה,https://www.ganeytikva.org.il./חוסן-לקהילה/,,,,,,
מידע חשוב להורים פרודים/גרושים,https://www.ganeytikva.org.il./מידע-חשוב-להורים-פרודים-גרושים/,,,,,,
"השירות לנוער, צעירים וצעירות",https://www.ganeytikva.org.il./השירות-לנוער-צעירים-וצעירות/,,,,,,
ליווי פרטני,https://www.ganeytikva.org.il./ליווי-פרטני/,,,,,,
מועדון נוער ייחודי לנוער חרדי,https://www.ganeytikva.org.il./מועדון-נוער-ייחודי-לנוער-חרדי/,,,,,,
פעילויות לקהילה,https://www.ganeytikva.org.il./פעילויות-לקהילה/,,,,,,
יחידת התנדבות עירונית,https://www.coing.co/Gantik_Volunteers,,,,,,
אגף הכנסות גבייה וארנונה,https://www.ganeytikva.org.il./הכנסות-גבייה-ארנונה/,,,,,,
צווי מיסים ארנונה,https://www.ganeytikva.org.il./צווי-מיסים-ארנונה/,,,,,,
תווי מזון לזכאים,https://www.ganeytikva.org.il./תווי-מזון-לזכאים/,,,,,,
תשלום ארנונה,https://city4u.co.il/PortalServicesSite/cityPay/502200?SId=1&LAMASID=502200,,,,,,
טפסים - גבייה,https://www.ganeytikva.org.il/forms/?category=44,,,,,,
מידע בנושא הנחות בארנונה כללי,https://www.ganeytikva.org.il./מידע-בנושא-הנחות-בארנונה-כללי/,,,,,,
החלטות ועדת ערר,https://www.ganeytikva.org.il./החלטות-ועדת-ערר/,,,,,,
חוקי עזר עירוניים,https://www.ganeytikva.org.il./חוקי-עזר-עירוניים/,,,,,,
סקר נכסים ומדידות - שאלות ותשובות,https://www.ganeytikva.org.il/1162/?preview=d5ew6s16a41w15,,,,,,
מחלקת נכסים והשכרת מרחבים,https://www.ganeytikva.org.il./מחלקת-נכסים/,,,,,,
טופס בקשה להשכרת מרחב,https://www.ganeytikva.org.il./טופס-בקשה-להשכרת-מרחב/,,,,,,
אגף הנדסה,https://www.ganeytikva.org.il./אגף-הנדסה/,,"היתר,בקשה להיתר,בקשה להריסה,בנייה חדשה,טופס 4,שימוש חורג",,,,
זימון תורים לועדה המקומית,https://www.ganeytikva.org.il/appointments/,,"תור להנדסה,תור לדיון בועדה",,,,
אתר ועדה מקומית לתכנון ובנייה,http://handasa.ganeytikva.org.il/Pages/default.aspx,,,,,,
תכנית המתאר הכוללנית של גני תקווה,https://www.ganeytikva.org.il./תכנית-המתאר-הכוללנית-של-גני-תקווה/,,"תוכנית מתאר,תוכנית מתאר עיר ",,,,
אישור היעדר חובות (אישור לטאבו),https://www.ganeytikva.org.il./אישור-היעדר-חובות-אישור-לטאבו/,,"אישור לדירה,אישור לטאבו",,,,
רישוי עסקים,https://www.ganeytikva.org.il./רישוי-עסקים/,,,,,,
הרפורמה בחוק רישוי עסקים,https://www.ganeytikva.org.il./הרפורמה-בחוק-רישוי-עסקים/,,,,,,
מהו צו רישוי עסקים,https://www.ganeytikva.org.il./מהו-צו-רישוי-עסקים/,,,,,,
המפרט הרשותי של העירייה,https://www.ganeytikva.org.il./0-1610262207-המפרט-הרשותי-של-מועצה/,,,,,,
דרישות כלליות מעסקים,https://www.ganeytikva.org.il./0-1610263403-דרישות-כלליות-מעסקים/,,,,,,
דרישות פרטניות מעסקים,https://www.ganeytikva.org.il./0-1610263790-דרישות-פרטניות-מעסקים/,,,,,,
מעקב בקשה לקבלת רישיון עסק,https://rishuy-portal.citysys.co.il/?mun=ganey_tikva#/baal/login,,,,,,
הגשת בקשה מקוונת לקבלת רישיון עסק,https://rishuy-portal.citysys.co.il/new_request/?mun=ganey_tikva,,,,,,
מערכת זימון תורים למחלקת רישוי ופיקוח עסקים,https://www.ganeytikva.org.il/appointments/?id=24  ,,,,,,
פיקוח על הבניה והעסקים,https://www.ganeytikva.org.il./פיקוח-על-הבניה-והעסקים/,,,,,,
הנחיות כלליות לעסקים,https://www.ganeytikva.org.il./דרישות-כלליות-מעסקים/,,,,,,
דרישות פרטניות מעסקים,https://www.ganeytikva.org.il./דרישות-פרטניות-מעסקים/,,,,,,
הנחיות לשימוש במפרט האחיד,https://www.ganeytikva.org.il./הנחיות-לשימוש-במפרט-האחיד/,,,,,,
עמדות טעינה,https://www.ganeytikva.org.il./עמדות-טעינה/,,"עמודות טעינה,רכב חשמלי טעינה,איפה יש עמדות טעינה ",,,,
תחבורה ציבורית,https://www.ganeytikva.org.il./תחבורה-ציבורית/,,"תחנות אוטובוס,תחנת אוטובוס,רכבת קלה ",,,,
תלונה על קו אוטובוס,https://www.ganeytikva.org.il./תלונה-על-קו-אוטובוס/,,,,,,
מיזם רכב שיתופי  - בוחרים בתחבורה ירוקה ושיתופית,https://www.ganeytikva.org.il./מיזם-רכב-שיתופי-עוברים-לתחבורה-ירוקה-ושיתופית/,,,,,,
מערכות לייצור אנרגיה מתחדשת על גגות מבני ציבור,https://www.ganeytikva.org.il./פרויקט-סולארי-על-גגות-מבני-ציבור/,,"פאנלים סולרים,אנרגיה מתחדשת",,,,
מידע כללי וממשלתי על מערכות פוטו-וולטאיות,https://www.ganeytikva.org.il./מידע-כללי-על-מערכות-סולאריות/,,,,,,
אתרי פאנלים סולאריים בתחומי הרשות,https://www.ganeytikva.org.il./פאנלים-סולאריים/,,,,,,
שאלות תשובות,https://www.ganeytikva.org.il./שאלות-תשובות/,,,,,,
מקורות מידע נוספים,https://www.ganeytikva.org.il./מקורות-מידע-נוספים/,,,,,,
כלים חינוכיים,https://www.ganeytikva.org.il./כלים-חינוכיים/,,,,,,
נוהל הקמת גינת כלבים,https://www.ganeytikva.org.il./0-1622015301-/,,גינות כלבים ,,,,
גזברות,https://www.ganeytikva.org.il./אגף-גזברות-והנהלת-חשבונות/,,,,,,
הנהלת חשבונות,https://www.ganeytikva.org.il./הנהלת-חשבונות/,,,,,,
שכר,https://www.ganeytikva.org.il./שכר/,,,,,,
תמיכות עירוניות,https://www.ganeytikva.org.il./תמיכות-עירוניות/,,,,,,
רכש,https://www.ganeytikva.org.il./מחלקת-רכש/,,,,,,
הכנסות וארנונה,https://www.ganeytikva.org.il/171/,,,,,,
אגף חזות פני העיר,https://www.ganeytikva.org.il./אגף-חזות-פני-העיר/,,,,,,
שירות וטרינרי,https://www.ganeytikva.org.il./שירות-וטרינרי/,,,,,,
מחלקת לוגיסטיקה,https://www.ganeytikva.org.il./מחלקת-לוגיסטיקה/,,,,,,
השאלת ציוד לאבלים,https://www.ganeytikva.org.il./השאלת-ציוד-לאבלים/,,,,,,
"מפגעי תעבורה - תיקון, שיפוץ, שילוט",https://www.ganeytikva.org.il./מפגעי-תעבורה-תיקון-שיפוץ-שילוט/,,,,,,
מפגעי מזג אוויר,https://www.ganeytikva.org.il./מפגעי-מזג-אוויר/,,"סופה,גשם כבד,הצפה,עמוד שקרס,עץ שקרס",,,,
תחזוקה שוטפת ברחבי העיר,https://www.ganeytikva.org.il./תחזוקה-שוטפת-ברחבי-העיר/,,,,,,
תחזוקה שוטפת במוסדות חינוך וגני ילדים,https://www.ganeytikva.org.il./תחזוקה-שוטפת-במוסדות-חינוך-וגני-ילדים/,,,,,,
אירועים מטעם העירייה – הקמה ופירוק,https://www.ganeytikva.org.il./אירועים-מטעם-העירייה-הקמה-ופירוק/,,,,,,
ליווי קבלני משנה בתחזוקה כללית,https://www.ganeytikva.org.il./ליווי-קבלני-משנה-בתחזוקה-כללית/,,"קבלני משנה,קבלני תחזוקה ",,,,
מחלקת גנים ונוף ומתקני משחק,https://www.ganeytikva.org.il./מחלקת-גינון-ומתקני-משחק/,,"מתקני משחק,גינת משחקים",,,,
יצירת קשר עם מחלקת גנים ונוף,https://www.ganeytikva.org.il./יצירת-קשר-עם-מחלקת-גינון/,,,,,,
אישורי כריתת עצים,https://www.ganeytikva.org.il./אישורי-כריתת-עצים/,,,,,,
נוהל בקשת אישור כריתה,https://www.ganeytikva.org.il./נוהל-בקשת-אישור-כריתה/,,,,,,
אישורים שניתנו,https://www.gov.il/he/departments/guides/pro_felling_trees,,,,,,
תכנית גינון שבועית בחתך רחובות במחלקת הגינון,https://www.ganeytikva.org.il./תכנית-גינון-שבועית-בחתך-רחובות-ותחומי-עבודה-של-מחלקת-הגינון/,,,,,,
העצים של גני תקווה,https://www.ganeytikva-trees.org.il/,,,,,,
מחלקת פיקוח עירוני,https://www.ganeytikva.org.il./מחלקת-פיקוח-עירוני/,,,,,,
נוהל מדיניות אכיפת חוקי עזר,https://www.ganeytikva.org.il./נוהל-מדיניות-אכיפת-חוקי-עזר/,,,,,,
מדיניות אירועים פרטיים בפארקים ציבוריים,https://www.ganeytikva.org.il./מדיניות-אירועים-פרטיים-בפארקים-ציבוריים/,,,,,,
"דו""חות חניה ופיקוח",https://www.ganeytikva.org.il./דו-חות-חניה-ופיקוח/,,,,,,
אכיפת איסור עישון,https://www.ganeytikva.org.il./אכיפת-איסור-עישון/,,,,,,
פיקוח וחניה,https://www.ganeytikva.org.il./פיקוח-וחניה/,,,,,,
"מחלקת שפ""ע",https://www.ganeytikva.org.il./מחלקת-שפ-ע/,,,,,,
נוהל הוצאה ופינוי גזם/גרוטאות ברחבי העיר,https://www.ganeytikva.org.il./נוהל-הוצאה-ופינוי-גזם-גרוטאות-ברחבי-העיר/,,"פינוי אשפה ימי פינוי,גזם ימי פינוי,מתי מוצאים גזם,גרוטאות",,,,
"ועדה לאיכות סביבה ושפ""ע - פרוטוקולים",https://www.ganeytikva.org.il./protocols/?year=0&category=3&order=date-desc,,,,,,
ימי פינוי ונוהל הוצאת גזם וגרוטאות,https://www.ganeytikva.org.il./ימי-פינוי-ונוהל-הוצאת-גזם-וגרוטאות/,,,,,,
עושים איכות סביבה - ממחזרים,https://www.ganeytikva.org.il./עושים-איכות-סביבה-ממחזרים/,,,,,,
פינוי אשפה,https://www.ganeytikva.org.il./נוהל-הוצאה-ופינוי-גזם-גרוטאות-ברחבי-המועצה/,,,,,,
ימי פינוי אשפה ביתית ניקיון רחובות ומיקום מחזוריות לפי רחוב,https://www.ganeytikva.org.il./ימי-פינוי-אשפה-ביתית-ומיקום-מחזוריות-לפי-רחובות/,,,,,,
מחלקת חשמל ותאורה,https://www.ganeytikva.org.il./מחלקת-חשמל-ותאורה/,,,,,,
מתן שירות אחזקה לתאורת רחוב,https://www.ganeytikva.org.il./מתן-שירות-אחזקה-לתאורת-רחוב/,,,,,,
מתן שירות אחזקה למוסדות החינוך וציבורי,https://www.ganeytikva.org.il./מתן-שירות-אחזקה-למוסדות-החינוך-וציבורי/,,,,,,
מתן שירות לאירועי העירייה,https://www.ganeytikva.org.il./מתן-שירות-לאירועי-העירייה/,,,,,,
ביצוע בדיקות קרינה במוסדות חינוך,https://www.ganeytikva.org.il./ביצוע-בדיקות-קרינה-במוסדות-חינוך/,,,,,,
הקצאת מקום חנייה לנכים,https://www.ganeytikva.org.il./הקצאת-מקום-חנייה-לנכים/,,,,,,
מחלקת אחזקת מערכות,https://www.ganeytikva.org.il./מחלקת-אחזקת-מערכות/,,,,,,
אנרגיה סולארית – מערכות פוטו וולטאי,https://www.ganeytikva.org.il./אנרגיה-סולארית-מערכות-פוטו-וולטאי/,,,,,,
מעליות ומחסומים,https://www.ganeytikva.org.il./מעליות-ומחסומים/,,,,,,
מערכות מיזוג אוויר מרכזיות,https://www.ganeytikva.org.il./מערכות-מיזוג-אוויר-מרכזיות/,,,,,,
מערכות שחרור עשן,https://www.ganeytikva.org.il./מערכות-שחרור-עשן/,,,,,,
"חדרי משאבות ומז""חים",https://www.ganeytikva.org.il./חדרי-משאבות-ומז-חים/,,,,,,
בריכות ביולוגיות,https://www.ganeytikva.org.il./בריכות-ביולוגיות/,,,,,,
"מחלקת בטחון, בטיחות וחירום",https://www.ganeytikva.org.il./אגף-לבטחון-בטיחות-וחירום/,,,,,,
סטטוס גני תקווה פיקוד העורף,https://www.ganeytikva.org.il./סטטוס-גני-תקווה-פיקוד-העורף/,,,,,,
היערכות לחירום - הנחיות מצילות חיים,https://www.ganeytikva.org.il./duplicated-1659813076/,,,,,,
רשימת מקלטים לשעת חירום,https://www.ganeytikva.org.il./duplicated-1679384251/,,,,,,
מיזם 100,https://www.ganeytikva.org.il./מיזם-100/,,,,,,
יחידת סער,https://www.ganeytikva.org.il./יחידת-סער/,,,,,,
הנחיות לציבור במזג אוויר סוער,https://www.ganeytikva.org.il./הנחיות-לציבור-במזג-אוויר-סוער/,,,,,,
מצלמות אבטחה ביישוב,https://www.ganeytikva.org.il./מצלמות-אבטחה-ביישוב/,,,,,,
משמר השכונה,https://www.ganeytikva.org.il./בסיס-מתנדבים-ושיטור-קהילתי/,,,,,,
אגף קהילה וקידום עסקים ומעמד האישה,https://www.ganeytikva.org.il./אגף-קהילה-וקידום-עסקים/,,,,,,
מחוברות - קהילת הנשים של גני תקווה,https://www.ganeytikva.org.il./מחוברות-קהילת-נשים/,,,,,,
צילומי תדמית של מחוברות,https://www.ganeytikva.org.il./צילומי-תדמית/,,,,,,
מחוברות לטוב,https://www.ganeytikva.org.il./duplicated-1697993758/,,,,,,
חמישי נשי,https://www.ganeytikva.org.il./חמישי נשי /,,,,,,
קורס מבוא - NLP ומיינדפולנס,https://www.ganeytikva.org.il./0-1644502385-/,,,,,,
קורס שיווק דיגיטלי,https://www.ganeytikva.org.il./duplicated-1645358291/,,,,,,
קורס תכנון פיננסי,https://www.ganeytikva.org.il./duplicated-1645358331/,,,,,,
קורס נומרולוגיה התפתחותית,https://www.ganeytikva.org.il./קורס-נומרולוגיה-התפתחותית/,,,,,,
דייט עם אימוש!,https://www.ganeytikva.org.il./duplicated-1686061577/,,,,,,
גורג'ס | את הכי גורג'ס כשאת תורמת,https://www.ganeytikva.org.il./גורג-ס-את-הכי-גורג-ס-כשאת-תורמת/,,,,,,
מרגישים בבית | הרצאות להורים אצלכם בבניין,https://www.ganeytikva.org.il./duplicated-1681724026/,,,,,,
מתחשבים - בגני תקווה לכל בית יהיה מחשב!,https://www.ganeytikva.org.il./דואגים-למחשב-לכל-בית/,,,,,,
עסקים בגני תקווה,https://www.ganeytikva.org.il./עסקים-בגני-תקווה/,,,,,,
מחלקת תרבות ואירועים,https://www.ganeytikva.org.il./מחלקת-תרבות-ואירועים/,,,,,,
אגף דוברות והסברה,https://www.ganeytikva.org.il./אגף-דוברות-הסברה-ושירות-לתושב/,,,,,,
אגף אסטרטגיה חדשנות ודיגיטל,https://www.ganeytikva.org.il./אגף-אסטרטגיה-חדשנות-ודיגיטל/,,,,,,
פרויקט 'עיר חכמה',https://www.ganeytikva.org.il./עיר-חכמה/,,,,,,
READ YOUR METER,https://www.ganeytikva.org.il./read-your-meter/,,,,,,
תוכנת אופיס בחינם לתלמידי ומורי מערכת החינוך,https://www.ganeytikva.org.il./תוכנת-אופיס-בחינם-לתלמידי-ומורי-מערכת-החינוך/,,,,,,
אגף משאבי אנוש,https://www.ganeytikva.org.il./מחלקת-משאבי-אנוש/,,,,,,
לשכה משפטית,https://www.ganeytikva.org.il./לשכה-משפטית/,,,,,,
יחידת ביטוח ותביעות,https://www.ganeytikva.org.il./יחידת-ביטוח-ותביעות/,,,,,,
מבקרת העירייה ותלונות הציבור,https://www.ganeytikva.org.il./מבקרת-העירייה-ותלונות-הציבור/,,,,,,
דוחות הממונה על תלונות הציבור,https://www.ganeytikva.org.il./דוחות-הממונה-על-פניות-הציבור/,,,,,,
טופס הגשת תלונה לממונה על תלונות הציבור בעירייה,https://www.ganeytikva.org.il./טופס-הגשת-תלונה-לממונה-על-תלונות-הציבור-במועצה/,,,,,,
תרבות יהודית,https://www.ganeytikva.org.il./המחלקה-לתרבות-יהודית/,,,,,,
אגף ספורט ובריאות,https://www.ganeytikva.org.il./אגף-ספורט-ובריאות/,,,,,,
"""עיר בריאה""",https://www.ganeytikva.org.il./עיר-בריאה/,,,,,,
אתר אפשרי בריא,https://efsharibari.gov.il/,,,,,,
רשת ערים בריאות,http://www.healthycities.co.il/,,,,,,
"הכירו את נועה אפל, נערה בת 18 עם צרכים מיוחדים",https://www.ganeytikva.org.il./הכירו-את-נועה-אפל-נערה-בת-18-עם-צרכים-מיוחדים/,,,,,,
"הכירו את אורי דוד, בן ה-13 וחצי, הלומד בחטיבת ""הראשונים",https://www.ganeytikva.org.il./הכירו-את-אורי-דוד-בן-ה-13-וחצי-הלומד-בחטיבת-הראשונים/,,,,,,
"הכירו את אורי ונועם, ילדים ממועדונית הרווחה, תושבת גני תקווה",https://www.ganeytikva.org.il./הכירו-את-אורי-ונועם-ילדים-ממועדונית-הרווחה-תושבת-גני-תקווה/,,,,,,
"הכירו את גאיה פרידמן, נערה עם צרכים מיוחדים, תושבת גני תקווה:",https://www.ganeytikva.org.il./הכירו-את-גאיה-פרידמן-נערה-עם-צרכים-מיוחדים-תושבת-גני-תקווה/,,,,,,
גנית,https://www.ganeytikva.org.il./גנית/,,,,,,
גילגל,https://www.ganeytikva.org.il./גילגל/,,,,,,
חברת פסגות,https://www.ganeytikva.org.il./חברת-פסגות/,,,,,,
barcodes,https://www.ganeytikva.org.il./barcodes/,,,,,,
"ברכת ראש המועצה, ליזי דלריצ'ה | חגי תשרי תשפ""ב",https://www.ganeytikva.org.il./ברכת-ראש-המועצה-ליזי-דלריצ-ה-לחגי-תשרי/,,,,,,
מנהל.ות גן,https://www.ganeytikva.org.il./מנהלות-גן/,,,,,,
עמוד ראשי,https://www.ganeytikva.org.il./,,,,,,
תנאי שימוש,https://www.ganeytikva.org.il./terms/,,,,,,
מדיניות פרטיות,https://www.ganeytikva.org.il./privacy/,,,,,,
מרחב אישי לתושב/ת,https://www.ganeytikva.org.il./toshav-center/,,,,,,
FOOTER,https://www.ganeytikva.org.il./footer/,,,,,,
לומר מילה טובה,https://www.ganeytikva.org.il./לומר-מילה-טובה/,,,,,,
הצהרת נגישות,https://www.ganeytikva.org.il./accessibility/,,,,,,
עסקים,https://www.ganeytikva.org.il./עסקים/,,"עסקים בעיר,עזרה לעסקים,פתיחת עסק",,,,
מתעסקים בעסקים,https://www.ganeytikva.org.il./מתעסקים-בעסקים/,,,,,,
לוח עסקים,https://www.ganeytikva.org.il./935/,,,,,,
רישוי עסקים,https://www.ganeytikva.org.il./420/,,"עסקים בעיר,רישוי עסקים,בקשה לעסק",,,,
קידום עסקים,https://www.ganeytikva.org.il./859/,,,,,,
QBIX מרחב עבודה עירוני,https://qbix.co.il/,,,,,,
איכות הסביבה,https://www.ganeytikva.org.il./איכות-הסביבה/,,,,,,
חתולי רחוב,https://www.ganeytikva.org.il./האכלת-חתולי-רחוב/,,"האכלת חתולים,חתול רחוב,מתקני האכלה",,,,